"ProjectId","BudgetItemId","AREA GROUP","BUDGETED COST","BudgetId","CATEGORY","CLIENT","DESCRIPTION","ELEMENT ID","ELEMENT KEY","END DATE","INVOICE GROUP","MARKUP IN %","NOTES","PAYMENT STATUS","PAYMENT TERMS","PROJECTID","QUANTITY","UNIT","START DATE","TITLE","TOTAL COST","VENDOR"
"f3ad4f13-ddc1-4312-880a-ad71a08124bd","08a5ddbe-39d0-4cd5-8461-aad8f0bdc530","LABOR-ALL","400","96c7ee91-955e-491a-a17d-c204af382c83","LABOR","RMC","""TRUCKING  POST SHOW RETURN DAY CREW 2X ""","LABOR-0002","M2B-0003","2025-06-25 00:00:00","PRODUCTION WIDE LABOR","0.4022","","""PAID ""","DUE ON RECEIPT","f3ad4f13-ddc1-4312-880a-ad71a08124bd","1","","2025-06-24 00:00:00","MB2 Tahoe","560.88","MYLG STUDIO"
"f3ad4f13-ddc1-4312-880a-ad71a08124bd","128b2fda-a056-4c36-8d7c-bd9a0d744d4f","DESIGN-ALL","0","96c7ee91-955e-491a-a17d-c204af382c83","DESIGN","RMC","""DESIGN TEAM PRODUCER ONISTE ""","DESIGN-0003","M2B-0018","2025-06-22 00:00:00","PRODUCTION WIDE DESIGN","0","""RMC REQUESTED A REDUCED BILL-ITEM WAIVED ""","""PAID ""","DUE ON RECEIPT","f3ad4f13-ddc1-4312-880a-ad71a08124bd","1","","2025-06-18 00:00:00","MB2 Tahoe","0","MYLG STUDIO"
"f3ad4f13-ddc1-4312-880a-ad71a08124bd","13e63638-ce91-438b-810a-2972a33b2b75","RENTALS-ALL","5108.94","96c7ee91-955e-491a-a17d-c204af382c83","RENTALS","T&C RENTALS","""STARLIGHT DRAPERY MASK ""","RENTALS-0002","M2B-0044","2025-06-23 00:00:00","STARLIGHT FOYER","0.7702","","""PAID ""","DUE ON RECEIPT","f3ad4f13-ddc1-4312-880a-ad71a08124bd","1","","2025-06-16 00:00:00","MB2 Tahoe","9043.84","MYLG STUDIO"
"f3ad4f13-ddc1-4312-880a-ad71a08124bd","15709659-0f91-447f-a9c9-fbe4dd0f383a","LABOR-ALL","350","96c7ee91-955e-491a-a17d-c204af382c83","LABOR","RMC","DECOR SCENIC PACK UP RETURN 5HRS","LABOR-0009","M2B-0022","2025-06-24 00:00:00","PRODUCTION WIDE LABOR","0.15","","""PAID ""","DUE ON RECEIPT","f3ad4f13-ddc1-4312-880a-ad71a08124bd","1","","2025-06-23 00:00:00","MB2 Tahoe","402.5","MYLG STUDIO"
"f3ad4f13-ddc1-4312-880a-ad71a08124bd","159d43fc-50d3-4fd2-bcac-9e3ecbdc4314","DECOR-ALL","1050","96c7ee91-955e-491a-a17d-c204af382c83","DECOR","T&C RENTALS","""TREE &  SET DRESSING ""","DECOR-0002","M2B-0033","2025-06-23 00:00:00","TIMBO PHOTO OP","0.3499","","""PAID ""","DUE ON RECEIPT","f3ad4f13-ddc1-4312-880a-ad71a08124bd","1","","2025-06-16 00:00:00","MB2 Tahoe","1417.39","MYLG STUDIO"
"f3ad4f13-ddc1-4312-880a-ad71a08124bd","17e53431-ad4a-4bea-bdf5-abe6c887f884","RENTALS-ALL","495","96c7ee91-955e-491a-a17d-c204af382c83","RENTALS","T&C RENTALS","CLIP HARDWARE SYSTEM *EXPEDITED INSTALLATION*","RENTALS-0005","M2B-0047","2025-06-23 00:00:00","STARLIGHT FOYER","0.7702","","""PAID ""","DUE ON RECEIPT","f3ad4f13-ddc1-4312-880a-ad71a08124bd","1","","2025-06-16 00:00:00","MB2 Tahoe","876.24","MYLG STUDIO"
"f3ad4f13-ddc1-4312-880a-ad71a08124bd","1e9cffe9-8ca1-4407-9191-fc42b5cb5fb4","DECOR-ALL","250","96c7ee91-955e-491a-a17d-c204af382c83","DECOR","T&C RENTALS","""TREE STUMP OTTOMANS ""","DECOR-0004","M2B-0036","2025-06-23 00:00:00","TIMBO PHOTO OP","0.3499","","""PAID ""","DUE ON RECEIPT","f3ad4f13-ddc1-4312-880a-ad71a08124bd","1","","2025-06-16 00:00:00","MB2 Tahoe","337.47","MYLG STUDIO"
"f3ad4f13-ddc1-4312-880a-ad71a08124bd","20fab3e2-4897-4a3d-b447-dfc9d560145c","RENTALS-ALL","550","96c7ee91-955e-491a-a17d-c204af382c83","RENTALS","T&C RENTALS","""PICKUP- PREP - STAGE DAY ""","RENTALS-0008","M2B-0051","2025-06-23 00:00:00","STARLIGHT BALLROOM","0.3911","","""PAID ""","DUE ON RECEIPT","f3ad4f13-ddc1-4312-880a-ad71a08124bd","1","","2025-06-16 00:00:00","MB2 Tahoe","765.1","MYLG STUDIO"
"f3ad4f13-ddc1-4312-880a-ad71a08124bd","21d5a882-f3da-44f3-b7e1-51c5516ef0d6","CONTINGENCY-ALL","569","96c7ee91-955e-491a-a17d-c204af382c83","TRAVEL","RMC","TRAVEL CONTINGENCY FEE","TRAVEL-0007","M2B-0015","2025-06-23 00:00:00","PRODUCTION WIDE TRAVEL","0.15","","""PAID ""","DUE ON RECEIPT","f3ad4f13-ddc1-4312-880a-ad71a08124bd","1","","2025-06-18 00:00:00","MB2 Tahoe","634.5","MYLG STUDIO"
"f3ad4f13-ddc1-4312-880a-ad71a08124bd","24e90664-93b2-4ddd-8a4d-93a874d81ba6","LIGHTING-ALL","325","96c7ee91-955e-491a-a17d-c204af382c83","LIGHTING","T&C RENTALS","WORLD MAP SCENIC WALL UPGRADE LED SURROUND","LIGHTING-0005","M2B-0067","2025-06-23 00:00:00","""VOYAGE VISTA PHOTO OP ""","1.79","*UPGRADED* TO  LED MAP SURROUND SYSTEM","""PAID ""","DUE ON RECEIPT","f3ad4f13-ddc1-4312-880a-ad71a08124bd","1","","2025-06-16 00:00:00","MB2 Tahoe","581.75","MYLG STUDIO"
"f3ad4f13-ddc1-4312-880a-ad71a08124bd","2770e602-c874-4490-b15a-3c2930dc6ee9","DECOR-ALL","950","96c7ee91-955e-491a-a17d-c204af382c83","DECOR","T&C RENTALS","""LED 20'' ORB SET RGB [SET OF 2 UNITS] ""","DECOR-0008","M2B-0058","2025-06-23 00:00:00","STARLIGHT LUNAR PHOTO OP","0.35","","""PAID ""","DUE ON RECEIPT","f3ad4f13-ddc1-4312-880a-ad71a08124bd","1","","2025-06-16 00:00:00","MB2 Tahoe","1282.5","MYLG STUDIO"
"f3ad4f13-ddc1-4312-880a-ad71a08124bd","2cfe805f-e360-401b-8ecb-05fc5610089b","TRAVEL-ALL","1290","96c7ee91-955e-491a-a17d-c204af382c83","TRAVEL","RMC","""PER DIEM 3X CREW 5X DAYS ""","TRAVEL-0004","M2B-0012","2025-06-22 00:00:00","PRODUCTION WIDE TRAVEL","0.15","""$86 PER DAY PER CREW ""","""PAID ""","DUE ON RECEIPT","f3ad4f13-ddc1-4312-880a-ad71a08124bd","1","","2025-06-18 00:00:00","MB2 Tahoe","1483.5","MYLG STUDIO"
"f3ad4f13-ddc1-4312-880a-ad71a08124bd","2f985d39-08d9-4e19-bc7a-1a2dc200c0cb","DECOR-ALL","185","96c7ee91-955e-491a-a17d-c204af382c83","DECOR","T&C RENTALS","""LED 20'' ORB SET RGB [SET OF 1 UNITS] ""","DECOR-0010","M2B-0062","2025-06-23 00:00:00","STARLIGHT BALLROOM ENTRY","0.5314","","""PAID ""","DUE ON RECEIPT","f3ad4f13-ddc1-4312-880a-ad71a08124bd","1","","2025-06-16 00:00:00","MB2 Tahoe","283.3","MYLG STUDIO"
"f3ad4f13-ddc1-4312-880a-ad71a08124bd","3455ace6-9b69-42d2-b2b9-3a9b0bc8fe70","LABOR-ALL","550","96c7ee91-955e-491a-a17d-c204af382c83","LABOR","T&C RENTALS","SCENIC ASSEMBLY - PREP- PACK","LABOR-0010","M2B-0069","2025-06-23 00:00:00","""VOYAGE VISTA PHOTO OP ""","0.35","","""PAID ""","DUE ON RECEIPT","f3ad4f13-ddc1-4312-880a-ad71a08124bd","1","","2025-06-16 00:00:00","MB2 Tahoe","742.5","MYLG STUDIO"
"f3ad4f13-ddc1-4312-880a-ad71a08124bd","37337b02-5f89-4608-9abd-54adc4f3eba6","TRAVEL-ALL","650","96c7ee91-955e-491a-a17d-c204af382c83","TRAVEL","RMC","""RENTAL CARS 1X 5X DAYS ""","TRAVEL-0002","M2B-0010","2025-06-22 00:00:00","PRODUCTION WIDE TRAVEL","0.15","","""PAID ""","DUE ON RECEIPT","f3ad4f13-ddc1-4312-880a-ad71a08124bd","1","","2025-06-18 00:00:00","MB2 Tahoe","747.5","MYLG STUDIO"
"f3ad4f13-ddc1-4312-880a-ad71a08124bd","398a2aa8-f060-48ef-8984-20efa9cec2bc","RENTALS-ALL","550","96c7ee91-955e-491a-a17d-c204af382c83","RENTALS","T&C RENTALS","""PICKUP- PREP - STAGE DAY ""","RENTALS-0004","M2B-0046","2025-06-23 00:00:00","STARLIGHT FOYER","0.7702","","""PAID ""","DUE ON RECEIPT","f3ad4f13-ddc1-4312-880a-ad71a08124bd","1","","2025-06-16 00:00:00","MB2 Tahoe","973.61","MYLG STUDIO"
"f3ad4f13-ddc1-4312-880a-ad71a08124bd","3bc434d8-9174-4803-9c79-f30d58b352fa","LIGHTING-ALL","950","96c7ee91-955e-491a-a17d-c204af382c83","LIGHTING","T&C RENTALS","ASTERA TUNNEL GUEST ENTRANCE SETUP [12X]","LIGHTING-0001","M2B-0040","2025-06-23 00:00:00","STARLIGHT GALAXY","0.1116","","""PAID ""","DUE ON RECEIPT","f3ad4f13-ddc1-4312-880a-ad71a08124bd","1","","2025-06-16 00:00:00","MB2 Tahoe","1056.02","MYLG STUDIO"
"f3ad4f13-ddc1-4312-880a-ad71a08124bd","442196f3-df4a-44e4-880e-27ee9c6421d7","TRAVEL-ALL","1000","96c7ee91-955e-491a-a17d-c204af382c83","TRAVEL","RMC","""FLIGHTS 3X ROUNDTRIP ""","TRAVEL-0001","M2B-0009","2025-06-22 00:00:00","PRODUCTION WIDE TRAVEL","0.15","","""PAID ""","DUE ON RECEIPT","f3ad4f13-ddc1-4312-880a-ad71a08124bd","1","","2025-06-18 00:00:00","MB2 Tahoe","1150","MYLG STUDIO"
"f3ad4f13-ddc1-4312-880a-ad71a08124bd","4532f1ef-bc49-4d11-84ae-a61591602082","GRAPHICS-ALL","3500","96c7ee91-955e-491a-a17d-c204af382c83","GRAPHICS","T&C RENTALS","""WORLD MAP SCENIC WALL PRINT SKIN ""","GRAPHICS-0004","M2B-0065","2025-06-23 00:00:00","""VOYAGE VISTA PHOTO OP ""","0.35","10FT W X 8FT H","""PAID ""","DUE ON RECEIPT","f3ad4f13-ddc1-4312-880a-ad71a08124bd","1","","2025-06-16 00:00:00","MB2 Tahoe","4725","MYLG STUDIO"
"f3ad4f13-ddc1-4312-880a-ad71a08124bd","454ce60b-faf9-4bc9-8a91-9c08244636e0","FABRICATION-ALL","650","96c7ee91-955e-491a-a17d-c204af382c83","FABRICATION","T&C RENTALS","SCENIC BACKWALL UNIT [5FT W X 10FT H]","FABRICATION-0001","M2B-0024","2025-06-23 00:00:00","TIMBO PHOTO OP","0.3499","","""PAID ""","DUE ON RECEIPT","f3ad4f13-ddc1-4312-880a-ad71a08124bd","2","","2025-06-16 00:00:00","MB2 Tahoe","877.43","MYLG STUDIO"
"f3ad4f13-ddc1-4312-880a-ad71a08124bd","4bb8c6d7-0f72-4c97-9315-1355f7cb3a1b","TRAVEL-ALL","250","96c7ee91-955e-491a-a17d-c204af382c83","TRAVEL","RMC","AIRPORT TRANSPO CREW ROUNDTRIP","TRAVEL-0005","M2B-0013","2025-06-22 00:00:00","PRODUCTION WIDE TRAVEL","0.15","","""PAID ""","DUE ON RECEIPT","f3ad4f13-ddc1-4312-880a-ad71a08124bd","1","","2025-06-18 00:00:00","MB2 Tahoe","287.5","MYLG STUDIO"
"f3ad4f13-ddc1-4312-880a-ad71a08124bd","4e91c5c4-80fc-4b14-bf36-ccb145228d50","GRAPHICS-ALL","550","96c7ee91-955e-491a-a17d-c204af382c83","GRAPHICS","T&C RENTALS","""CUSTOM 3D LOGO FOR COMPANY ""","GRAPHICS-0001","M2B-0028","2025-06-23 00:00:00","TIMBO PHOTO OP","0.3499","","""PAID ""","DUE ON RECEIPT","f3ad4f13-ddc1-4312-880a-ad71a08124bd","1","","2025-06-16 00:00:00","MB2 Tahoe","742.44","MYLG STUDIO"
"f3ad4f13-ddc1-4312-880a-ad71a08124bd","55eefbff-85a5-460d-be38-50bc49ff91e0","FABRICATION-ALL","1650","96c7ee91-955e-491a-a17d-c204af382c83","FABRICATION","T&C RENTALS","ROCKET PROP DIRECT PRINT  3/4'' GATOR *FLAT*","FABRICATION-0009","M2B-0059","2025-06-23 00:00:00","STARLIGHT BALLROOM ENTRY","0.5314","""*UPGRADED* TO SCENIC MIRROR ACRYLIC DISPLAY ""","""PAID ""","DUE ON RECEIPT","f3ad4f13-ddc1-4312-880a-ad71a08124bd","1","","2025-06-16 00:00:00","MB2 Tahoe","2526.81","MYLG STUDIO"
"f3ad4f13-ddc1-4312-880a-ad71a08124bd","59264201-1e77-4e5b-8ebc-f0a22f8915b4","RENTALS-ALL","13000","96c7ee91-955e-491a-a17d-c204af382c83","RENTALS","T&C RENTALS","""STARLIGHT DRAPERY MASK ""","RENTALS-0006","M2B-0049","2025-06-23 00:00:00","STARLIGHT BALLROOM","0.3911","","""PAID ""","DUE ON RECEIPT","f3ad4f13-ddc1-4312-880a-ad71a08124bd","1","","2025-06-16 00:00:00","MB2 Tahoe","18084.3","MYLG STUDIO"
"f3ad4f13-ddc1-4312-880a-ad71a08124bd","5a0a43fc-4a58-4ab6-9b43-fda0f6a8f7b2","GRAPHICS-ALL","750","96c7ee91-955e-491a-a17d-c204af382c83","GRAPHICS","T&C RENTALS","CUSTOM MB2 LOGO SIGN 32'' CIRCLE SIGN","GRAPHICS-0003","M2B-0053","2025-06-23 00:00:00","STARLIGHT GUEST ENTRANCE","0.2662","MIRRORED ACRYLIC 2X LAYER *RIG MOUNT*","""PAID ""","DUE ON RECEIPT","f3ad4f13-ddc1-4312-880a-ad71a08124bd","1","","2025-06-16 00:00:00","MB2 Tahoe","949.65","MYLG STUDIO"
"f3ad4f13-ddc1-4312-880a-ad71a08124bd","634f1fbb-c83b-4819-bfe0-cf9a93195654","CONTINGENCY-ALL","275","96c7ee91-955e-491a-a17d-c204af382c83","CONTINGENCY-MISC","RMC","""PRE-PRODUCTION CONTINGENCY FEE ""","CONTINGENCY-MISC-0002","M2B-0008","2025-06-23 00:00:00","PRODUCTION WIDE LABOR","0.2491","","""PAID ""","DUE ON RECEIPT","f3ad4f13-ddc1-4312-880a-ad71a08124bd","1","","2025-06-18 00:00:00","MB2 Tahoe","343.5","MYLG STUDIO"
"f3ad4f13-ddc1-4312-880a-ad71a08124bd","6498cf06-14cb-48eb-987e-577cf2270ee2","LABOR-ALL","1000","96c7ee91-955e-491a-a17d-c204af382c83","LABOR","RMC","PRODUCTION RETURNS CREW 2X 10HR DAY","LABOR-0008","M2B-0021","2025-06-24 00:00:00","PRODUCTION WIDE LABOR","0.15","","""PAID ""","DUE ON RECEIPT","f3ad4f13-ddc1-4312-880a-ad71a08124bd","1","","2025-06-23 00:00:00","MB2 Tahoe","1150","MYLG STUDIO"
"f3ad4f13-ddc1-4312-880a-ad71a08124bd","67345eae-a3d9-4296-8bf6-33e2dbfec146","RENTALS-ALL","750","96c7ee91-955e-491a-a17d-c204af382c83","RENTALS","T&C RENTALS","""RETURN WALL SCENIC SETUP MASK ""","RENTALS-0010","M2B-0070","2025-06-23 00:00:00","""VOYAGE VISTA PHOTO OP ""","0.35","","""PAID ""","DUE ON RECEIPT","f3ad4f13-ddc1-4312-880a-ad71a08124bd","1","","2025-06-16 00:00:00","MB2 Tahoe","1012.5","MYLG STUDIO"
"f3ad4f13-ddc1-4312-880a-ad71a08124bd","6e7848e3-ebfa-4f7a-9315-c9f46c7670d8","DECOR-ALL","750","96c7ee91-955e-491a-a17d-c204af382c83","DECOR","T&C RENTALS","""LED 16'' ORB SET RGB [SET OF 4 UNITS] ""","DECOR-0007","M2B-0057","2025-06-23 00:00:00","STARLIGHT LUNAR PHOTO OP","0.35","","""PAID ""","DUE ON RECEIPT","f3ad4f13-ddc1-4312-880a-ad71a08124bd","1","","2025-06-16 00:00:00","MB2 Tahoe","1012.5","MYLG STUDIO"
"f3ad4f13-ddc1-4312-880a-ad71a08124bd","70a57f82-3e3c-4e87-a949-958d5b3eafa8","CONTINGENCY-ALL","115","96c7ee91-955e-491a-a17d-c204af382c83","CONTINGENCY-MISC","RMC","TRUCKING CONTINGENCY FEE","CONTINGENCY-MISC-0001","M2B-0004","2025-06-23 00:00:00","PRODUCTION WIDE TRUCKING","0.4022","","""PAID ""","DUE ON RECEIPT","f3ad4f13-ddc1-4312-880a-ad71a08124bd","1","","2025-06-18 00:00:00","MB2 Tahoe","161.2","MYLG STUDIO"
"f3ad4f13-ddc1-4312-880a-ad71a08124bd","725e9ca2-0739-4ec0-a361-90b05f35c222","DESIGN-ALL","0","96c7ee91-955e-491a-a17d-c204af382c83","DESIGN","T&C RENTALS","""3D RENDERING EVENT DESIGN ""","DESIGN-0001","M2B-0016","2025-05-20 00:00:00","PRODUCTION WIDE DESIGN","1","","""PAID ""","DUE ON RECEIPT","f3ad4f13-ddc1-4312-880a-ad71a08124bd","1","","2025-05-13 00:00:00","MB2 Tahoe","5000","MYLG STUDIO"
"f3ad4f13-ddc1-4312-880a-ad71a08124bd","76b8afda-f744-4630-bb1f-dd25a60af84e","DECOR-ALL","275","96c7ee91-955e-491a-a17d-c204af382c83","DECOR","T&C RENTALS","""LED 16'' ORB SET RGB [SET OF 2 UNITS] ""","DECOR-0009","M2B-0061","2025-06-23 00:00:00","STARLIGHT BALLROOM ENTRY","0.5314","","""PAID ""","DUE ON RECEIPT","f3ad4f13-ddc1-4312-880a-ad71a08124bd","1","","2025-06-16 00:00:00","MB2 Tahoe","421.13","MYLG STUDIO"
"f3ad4f13-ddc1-4312-880a-ad71a08124bd","7a18bac2-6e43-4988-ab66-11fc11ce4395","LIGHTING-ALL","3200","96c7ee91-955e-491a-a17d-c204af382c83","LIGHTING","T&C RENTALS","AMBIENT ENVIRONMENT HAZE MACHINES","LIGHTING-0003","M2B-0042","2025-06-23 00:00:00","STARLIGHT GALAXY","0.1116","","""PAID ""","NET 15","f3ad4f13-ddc1-4312-880a-ad71a08124bd","1","","2025-06-16 00:00:00","MB2 Tahoe","3557.12","MYLG STUDIO"
"f3ad4f13-ddc1-4312-880a-ad71a08124bd","81185ce5-e08c-4192-bd86-b0098cfa0e86","FABRICATION-ALL","250","96c7ee91-955e-491a-a17d-c204af382c83","FABRICATION","T&C RENTALS","""CUSTOM M2B BRAND COLOR PILLOWS ""","FABRICATION-0005","M2B-0029","2025-06-23 00:00:00","TIMBO PHOTO OP","0.3499","","""PAID ""","DUE ON RECEIPT","f3ad4f13-ddc1-4312-880a-ad71a08124bd","1","","2025-06-16 00:00:00","MB2 Tahoe","337.47","MYLG STUDIO"
"f3ad4f13-ddc1-4312-880a-ad71a08124bd","8414bf5d-3cab-4e58-99d3-b2a5a9bb1502","INSTALLATION MATERIALS-ALL","450","96c7ee91-955e-491a-a17d-c204af382c83","INSTALLATION MATERIALS","T&C RENTALS","""INSTALLATION SUPPLY TOOL KIT FEE ""","INSTALLATION-MATERIALS-0001","M2B-0030","2025-06-23 00:00:00","TIMBO PHOTO OP","0.3499","","""PAID ""","DUE ON RECEIPT","f3ad4f13-ddc1-4312-880a-ad71a08124bd","1","","2025-06-16 00:00:00","MB2 Tahoe","607.45","MYLG STUDIO"
"f3ad4f13-ddc1-4312-880a-ad71a08124bd","84209816-a11f-4562-b2ea-6395549346b4","LABOR-ALL","1000","96c7ee91-955e-491a-a17d-c204af382c83","LABOR","RMC","PRODUCTION PICKUPS CREW 2X 10HR DAY","LABOR-0003","M2B-0005","2025-06-16 00:00:00","PRODUCTION WIDE LABOR","0.2491","","""PAID ""","DUE ON RECEIPT","f3ad4f13-ddc1-4312-880a-ad71a08124bd","1","","2025-06-16 00:00:00","MB2 Tahoe","1249.1","MYLG STUDIO"
"f3ad4f13-ddc1-4312-880a-ad71a08124bd","87fb7887-fd48-422e-b15f-09cd13b0c08b","FABRICATION-ALL","1350","96c7ee91-955e-491a-a17d-c204af382c83","FABRICATION","T&C RENTALS","""MOUNTAIN SHAPE LUAN CUT DETAIL PANELS ""","FABRICATION-0004","M2B-0027","2025-06-23 00:00:00","TIMBO PHOTO OP","0.3499","","""PAID ""","DUE ON RECEIPT","f3ad4f13-ddc1-4312-880a-ad71a08124bd","1","","2025-06-16 00:00:00","MB2 Tahoe","1822.36","MYLG STUDIO"
"f3ad4f13-ddc1-4312-880a-ad71a08124bd","8b91ed70-bd89-43da-ad1b-f2db5e4a1dcb","FABRICATION-ALL","715","96c7ee91-955e-491a-a17d-c204af382c83","FABRICATION","T&C RENTALS","""WORLD MAP SCENIC WALL UPGRADE CNC WOOD ""","FABRICATION-0012","M2B-0066","2025-06-23 00:00:00","""VOYAGE VISTA PHOTO OP ""","1.5384","*UPGRADED* TO SCENIC MAP HANGING WALL UNITS","""PAID ""","DUE ON RECEIPT","f3ad4f13-ddc1-4312-880a-ad71a08124bd","1","","2025-06-16 00:00:00","MB2 Tahoe","1100","MYLG STUDIO"
"f3ad4f13-ddc1-4312-880a-ad71a08124bd","8e311d17-0b8e-433e-a081-c7eaecb890ce","LABOR-ALL","4500","96c7ee91-955e-491a-a17d-c204af382c83","LABOR","RMC","""ONSITE INSTALLATION TEAM 2X GUYS ""","LABOR-0006","M2B-0019","2025-06-22 00:00:00","PRODUCTION WIDE LABOR","1.0875","""2X DRAPERY ARTIST CREW 3X DAYS ""","""PAID ""","DUE ON RECEIPT","f3ad4f13-ddc1-4312-880a-ad71a08124bd","1","","2025-06-18 00:00:00","MB2 Tahoe","9393.75","MYLG STUDIO"
"f3ad4f13-ddc1-4312-880a-ad71a08124bd","8ec55973-540a-40d4-9d9d-72f4f0c49066","LABOR-ALL","455","96c7ee91-955e-491a-a17d-c204af382c83","LABOR","RMC","*ADD ON OT 062025 3X CREW","LABOR-0007","M2B-0020","2025-06-20 00:00:00","PRODUCTION WIDE LABOR","1.7302","ADDITIONAL FEE- INVOICE 002 *BANQUET DELAY*","""PAID ""","DUE ON RECEIPT","f3ad4f13-ddc1-4312-880a-ad71a08124bd","1","","2025-06-20 00:00:00","MB2 Tahoe","787.25","MYLG STUDIO"
"f3ad4f13-ddc1-4312-880a-ad71a08124bd","995fbef4-c613-4088-b86b-7b5708f35b68","DESIGN-ALL","0","96c7ee91-955e-491a-a17d-c204af382c83","DESIGN","T&C RENTALS","EVENT DESIGN + PRE-PRODUCTION BUDGET CREATION","DESIGN-0002","M2B-0017","2025-05-20 00:00:00","PRODUCTION WIDE DESIGN","1","","""PAID ""","DUE ON RECEIPT","f3ad4f13-ddc1-4312-880a-ad71a08124bd","1","","2025-05-13 00:00:00","MB2 Tahoe","5000","MYLG STUDIO"
"f3ad4f13-ddc1-4312-880a-ad71a08124bd","9e6fdf51-a364-4af5-93af-e586a6314602","LABOR-ALL","400","96c7ee91-955e-491a-a17d-c204af382c83","LABOR","RMC","""TRUCKING PRE- PACK DAY CREW 2X ""","LABOR-0001","M2B-0002","2025-06-17 00:00:00","PRODUCTION WIDE LABOR","0.4022","","""PAID ""","DUE ON RECEIPT","f3ad4f13-ddc1-4312-880a-ad71a08124bd","1","","2025-06-16 00:00:00","MB2 Tahoe","560.88","MYLG STUDIO"
"f3ad4f13-ddc1-4312-880a-ad71a08124bd","9ffa0caa-6868-460c-8565-78f809acff43","FABRICATION-ALL","550","96c7ee91-955e-491a-a17d-c204af382c83","FABRICATION","T&C RENTALS","SCENIC ASSEMBLY - PREP- PACK","FABRICATION-0006","M2B-0031","2025-06-16 00:00:00","TIMBO PHOTO OP","0.3499","","""PAID ""","DUE ON RECEIPT","f3ad4f13-ddc1-4312-880a-ad71a08124bd","1","","2025-06-16 00:00:00","MB2 Tahoe","742.44","MYLG STUDIO"
"f3ad4f13-ddc1-4312-880a-ad71a08124bd","a0bfd4de-2863-4114-8a00-50d1062ebae2","FABRICATION-ALL","1200","96c7ee91-955e-491a-a17d-c204af382c83","FABRICATION","T&C RENTALS","SCENIC FAUX SLAT WALL FABRIC SKIN [ 10FT X 10FT ]","FABRICATION-0002","M2B-0025","2025-06-23 00:00:00","TIMBO PHOTO OP","0.3499","","""PAID ""","DUE ON RECEIPT","f3ad4f13-ddc1-4312-880a-ad71a08124bd","1","","2025-06-16 00:00:00","MB2 Tahoe","1619.88","MYLG STUDIO"
"f3ad4f13-ddc1-4312-880a-ad71a08124bd","a646664a-845e-4d6f-b4e2-979aa3601b0e","LIGHTING-ALL","866.19","96c7ee91-955e-491a-a17d-c204af382c83","LIGHTING","T&C RENTALS","""*ADDITION 2X FOGGERS STAGE SETUP* ""","LIGHTING-0003","M2B-0043","2025-06-23 00:00:00","STARLIGHT GALAXY","0.1116","""ADDITIONAL FEE- INVOICE 002 ""","""PAID ""","NET 15","f3ad4f13-ddc1-4312-880a-ad71a08124bd","1","","2025-06-16 00:00:00","MB2 Tahoe","975","MYLG STUDIO"
"f3ad4f13-ddc1-4312-880a-ad71a08124bd","a783d04c-db24-4b4d-8455-e0f31928bc12","LABOR-ALL","750","96c7ee91-955e-491a-a17d-c204af382c83","LABOR","RMC","""SET DRESSING PRE- PACK ""","LABOR-0005","M2B-0007","2025-06-16 00:00:00","PRODUCTION WIDE LABOR","0.2491","","""PAID ""","DUE ON RECEIPT","f3ad4f13-ddc1-4312-880a-ad71a08124bd","1","","2025-06-16 00:00:00","MB2 Tahoe","936.82","MYLG STUDIO"
"f3ad4f13-ddc1-4312-880a-ad71a08124bd","a89c4576-a6b8-440c-b2ec-c189019cfd24","DECOR-ALL","600","96c7ee91-955e-491a-a17d-c204af382c83","DECOR","T&C RENTALS","""LED ORB SET DRESSING [SET OF 4 UNITS] ""","DECOR-0006","M2B-0055","2025-06-23 00:00:00","STARLIGHT GUEST ENTRANCE","0.2662","","""PAID ""","DUE ON RECEIPT","f3ad4f13-ddc1-4312-880a-ad71a08124bd","1","","2025-06-16 00:00:00","MB2 Tahoe","759.72","MYLG STUDIO"
"f3ad4f13-ddc1-4312-880a-ad71a08124bd","acf5d5ac-8ec7-46fe-8f96-0a7e85bc3f1f","FABRICATION-ALL","350","96c7ee91-955e-491a-a17d-c204af382c83","FABRICATION","T&C RENTALS","BIRCH CIRCLE WALL DETAIL 1/4'' BIRCH","FABRICATION-0003","M2B-0026","2025-06-23 00:00:00","TIMBO PHOTO OP","0.3499","","""PAID ""","DUE ON RECEIPT","f3ad4f13-ddc1-4312-880a-ad71a08124bd","1","","2025-06-16 00:00:00","MB2 Tahoe","472.46","MYLG STUDIO"
"f3ad4f13-ddc1-4312-880a-ad71a08124bd","b3c2275d-f1be-4163-8298-f87159b18023","CONTINGENCY-ALL","122.95","96c7ee91-955e-491a-a17d-c204af382c83","CONTINGENCY-MISC","T&C RENTALS","FOYER DRAPERY MASK CONTINGENCY FEE","CONTINGENCY-MISC-0005","M2B-0048","2025-06-23 00:00:00","STARLIGHT FOYER","0.7702","","""PAID ""","DUE ON RECEIPT","f3ad4f13-ddc1-4312-880a-ad71a08124bd","1","","2025-06-18 00:00:00","MB2 Tahoe","216.69","MYLG STUDIO"
"f3ad4f13-ddc1-4312-880a-ad71a08124bd","bfef80c6-c4ba-4b1c-8b59-27ceb26930bc","FABRICATION-ALL","950","96c7ee91-955e-491a-a17d-c204af382c83","FABRICATION","T&C RENTALS","CRESENT MOON  PROP DIECUT 3/4'' GATOR *FLAT*","FABRICATION-0008","M2B-0056","2025-06-23 00:00:00","STARLIGHT LUNAR PHOTO OP","0.35","""*UPGRADED* TO SCENIC LED 2D DISPLAY ""","""PAID ""","DUE ON RECEIPT","f3ad4f13-ddc1-4312-880a-ad71a08124bd","1","","2025-06-16 00:00:00","MB2 Tahoe","1282.5","MYLG STUDIO"
"f3ad4f13-ddc1-4312-880a-ad71a08124bd","c18bc112-2d5e-4194-b976-8a8992f3fccb","FABRICATION-ALL","1250","96c7ee91-955e-491a-a17d-c204af382c83","FABRICATION","T&C RENTALS","""SCENIC BACKWALL UNIT ""","FABRICATION-0011","M2B-0064","2025-06-23 00:00:00","""VOYAGE VISTA PHOTO OP ""","0.35","","""PAID ""","DUE ON RECEIPT","f3ad4f13-ddc1-4312-880a-ad71a08124bd","1","","2025-06-16 00:00:00","MB2 Tahoe","1687.5","MYLG STUDIO"
"f3ad4f13-ddc1-4312-880a-ad71a08124bd","c31c6707-1e97-4dd7-8b5e-c90b31a5ae29","FABRICATION-ALL","150","96c7ee91-955e-491a-a17d-c204af382c83","FABRICATION","T&C RENTALS","CUSTOM ENTRY SIGN FOR GUESTS","FABRICATION-0010","M2B-0060","2025-06-23 00:00:00","STARLIGHT BALLROOM ENTRY","0.5314","","""PAID ""","DUE ON RECEIPT","f3ad4f13-ddc1-4312-880a-ad71a08124bd","1","","2025-06-16 00:00:00","MB2 Tahoe","229.71","MYLG STUDIO"
"f3ad4f13-ddc1-4312-880a-ad71a08124bd","c3ff7d12-c4bf-404f-b36a-9dc661dab531","TRUCKING-ALL","350","96c7ee91-955e-491a-a17d-c204af382c83","TRUCKING","RMC","""TRUCK RENTAL, GAS, MILEAGE""","TRUCKING-001","M2B-0001","2025-06-23 00:00:00","PRODUCTION WIDE TRUCKING","0.4022","","""PAID ""","DUE ON RECEIPT","","f3ad4f13-ddc1-4312-880a-ad71a08124bd","","2025-06-18 00:00:00","MB2 Tahoe","490.77","MYLG STUDIO"
"f3ad4f13-ddc1-4312-880a-ad71a08124bd","c4f722ca-bb2f-4568-bd6b-a95829b43f0b","LIGHTING-ALL","5000","96c7ee91-955e-491a-a17d-c204af382c83","LIGHTING","T&C RENTALS","""DECOR ACCENT LIGHTING ELEMENTS ""","LIGHTING-0002","M2B-0041","2025-06-23 00:00:00","STARLIGHT GALAXY","0.1116","","""PAID ""","DUE ON RECEIPT","f3ad4f13-ddc1-4312-880a-ad71a08124bd","1","","2025-06-16 00:00:00","MB2 Tahoe","5558","MYLG STUDIO"
"f3ad4f13-ddc1-4312-880a-ad71a08124bd","c69231f4-d108-4926-9ceb-f0f64b210bcf","DECOR-ALL","850","96c7ee91-955e-491a-a17d-c204af382c83","DECOR","T&C RENTALS","""SET DRESSING MISC ""","DECOR-0005","M2B-0038","2025-06-23 00:00:00","TIMBO PHOTO OP","0.3499","","""PAID ""","DUE ON RECEIPT","f3ad4f13-ddc1-4312-880a-ad71a08124bd","1","","2025-06-16 00:00:00","MB2 Tahoe","1147.41","MYLG STUDIO"
"f3ad4f13-ddc1-4312-880a-ad71a08124bd","c93ce63c-3f32-448a-bfd8-37af92f4a142","DECOR-ALL","550","96c7ee91-955e-491a-a17d-c204af382c83","DECOR","T&C RENTALS","""PHOTO OP PROPS ""","DECOR-0001","M2B-0032","2025-06-23 00:00:00","TIMBO PHOTO OP","0.3499","","""PAID ""","DUE ON RECEIPT","f3ad4f13-ddc1-4312-880a-ad71a08124bd","1","","2025-06-16 00:00:00","MB2 Tahoe","742.44","MYLG STUDIO"
"f3ad4f13-ddc1-4312-880a-ad71a08124bd","d2c84358-4b52-4194-a226-cd404ca81550","RENTALS-ALL","2650","96c7ee91-955e-491a-a17d-c204af382c83","RENTALS","T&C RENTALS","""BLACK DRAPERY MASK ""","RENTALS-0007","M2B-0050","2025-06-23 00:00:00","STARLIGHT BALLROOM","0.3911","","""PAID ""","DUE ON RECEIPT","f3ad4f13-ddc1-4312-880a-ad71a08124bd","1","","2025-06-16 00:00:00","MB2 Tahoe","3686.41","MYLG STUDIO"
"f3ad4f13-ddc1-4312-880a-ad71a08124bd","d5882d25-b5a2-4e88-8772-540f76874c3c","RENTALS-ALL","850","96c7ee91-955e-491a-a17d-c204af382c83","RENTALS","T&C RENTALS","LOG BENCH GUEST PHOTO OP","RENTALS-0001","M2B-0037","2025-06-23 00:00:00","TIMBO PHOTO OP","0.3499","","""PAID ""","DUE ON RECEIPT","f3ad4f13-ddc1-4312-880a-ad71a08124bd","1","","2025-06-16 00:00:00","MB2 Tahoe","1147.41","MYLG STUDIO"
"f3ad4f13-ddc1-4312-880a-ad71a08124bd","d93ed4b8-79a5-4639-b9da-825f8c108de1","LIGHTING-ALL","650","96c7ee91-955e-491a-a17d-c204af382c83","LIGHTING","T&C RENTALS","PHOTO OP BEAUTY LIGHTS *WALL CLAMP*","LIGHTING-0004","M2B-0063","2025-06-23 00:00:00","""VOYAGE VISTA PHOTO OP ""","0.35","","""PAID ""","DUE ON RECEIPT","f3ad4f13-ddc1-4312-880a-ad71a08124bd","1","","2025-06-16 00:00:00","MB2 Tahoe","877.5","MYLG STUDIO"
"f3ad4f13-ddc1-4312-880a-ad71a08124bd","de5d9265-44ca-4795-ae96-e89c10390f2d","TRAVEL-ALL","2500","96c7ee91-955e-491a-a17d-c204af382c83","TRAVEL","RMC","""01 HOUSING 5X DAYS SLEEPS 2 ""","TRAVEL-0003","M2B-0011","2025-06-22 00:00:00","PRODUCTION WIDE TRAVEL","0.15","","""PAID ""","DUE ON RECEIPT","f3ad4f13-ddc1-4312-880a-ad71a08124bd","1","","2025-06-18 00:00:00","MB2 Tahoe","2875","MYLG STUDIO"
"f3ad4f13-ddc1-4312-880a-ad71a08124bd","deff51e8-38e6-407d-a560-824c3dfd92d0","TRAVEL-ALL","943.5","96c7ee91-955e-491a-a17d-c204af382c83","TRAVEL","RMC","""TRAVEL FLIGHT INCREASE FEE ""","TRAVEL-0006","M2B-0014","2025-06-12 00:00:00","PRODUCTION WIDE TRAVEL","0.15","ADDITIONAL FEE- INVOICE 002","""PAID ""","DUE ON RECEIPT","f3ad4f13-ddc1-4312-880a-ad71a08124bd","1","","2025-06-12 00:00:00","MB2 Tahoe","1110","MYLG STUDIO"
"f3ad4f13-ddc1-4312-880a-ad71a08124bd","e1562647-1d43-4391-a36a-60758e332436","GRAPHICS-ALL","200","96c7ee91-955e-491a-a17d-c204af382c83","GRAPHICS","T&C RENTALS","""CUSTOM DIRECTIONAL SIGNAGE ""","GRAPHICS-0002","M2B-0035","2025-06-23 00:00:00","TIMBO PHOTO OP","0.3499","","""PAID ""","DUE ON RECEIPT","f3ad4f13-ddc1-4312-880a-ad71a08124bd","1","","2025-06-16 00:00:00","MB2 Tahoe","269.98","MYLG STUDIO"
"f3ad4f13-ddc1-4312-880a-ad71a08124bd","e92af889-2390-4af1-826b-25c45ce83bc0","CONTINGENCY-ALL","135","96c7ee91-955e-491a-a17d-c204af382c83","CONTINGENCY-MISC","RMC","LABOR CONTINGENCY FEE","CONTINGENCY-MISC-0003","M2B-0023","2025-06-23 00:00:00","PRODUCTION WIDE LABOR","0.15","","""PAID ""","DUE ON RECEIPT","f3ad4f13-ddc1-4312-880a-ad71a08124bd","1","","2025-06-18 00:00:00","MB2 Tahoe","155.25","MYLG STUDIO"
"f3ad4f13-ddc1-4312-880a-ad71a08124bd","f1d42602-caad-481d-9f68-4977a5675b39","RENTALS-ALL","2000","96c7ee91-955e-491a-a17d-c204af382c83","RENTALS","T&C RENTALS","""BLACK DRAPERY MASK ""","RENTALS-0003","M2B-0045","2025-06-23 00:00:00","STARLIGHT FOYER","0.7702","","""PAID ""","DUE ON RECEIPT","f3ad4f13-ddc1-4312-880a-ad71a08124bd","1","","2025-06-16 00:00:00","MB2 Tahoe","3540.4","MYLG STUDIO"
"f3ad4f13-ddc1-4312-880a-ad71a08124bd","f2384607-b95a-42cd-9fe3-38fbcf38d042","LABOR-ALL","1000","96c7ee91-955e-491a-a17d-c204af382c83","LABOR","RMC","SCENIC PREP DAY + PICKUPS + DROP OFFS","LABOR-0004","M2B-0006","2025-06-16 00:00:00","PRODUCTION WIDE LABOR","0.2491","","""PAID ""","DUE ON RECEIPT","f3ad4f13-ddc1-4312-880a-ad71a08124bd","1","","2025-06-16 00:00:00","MB2 Tahoe","1249.1","MYLG STUDIO"
"f3ad4f13-ddc1-4312-880a-ad71a08124bd","f3668b09-5dd4-4a70-9a4b-8e918a94ab41","GRAPHICS-ALL","750","96c7ee91-955e-491a-a17d-c204af382c83","GRAPHICS","T&C RENTALS","CUSTOM MB2 LOGO SIGNAGE","GRAPHICS-0005","M2B-0068","2025-06-23 00:00:00","""VOYAGE VISTA PHOTO OP ""","0.35","","""PAID ""","DUE ON RECEIPT","f3ad4f13-ddc1-4312-880a-ad71a08124bd","1","","2025-06-16 00:00:00","MB2 Tahoe","1012.5","MYLG STUDIO"
"f3ad4f13-ddc1-4312-880a-ad71a08124bd","f69b781e-eeda-4779-9382-05d940f234b9","FABRICATION-ALL","2500","96c7ee91-955e-491a-a17d-c204af382c83","FABRICATION","T&C RENTALS","""GUEST ENTRY LAYERED DRAPERY SWAG WALL ""","FABRICATION-0007","M2B-0054","2025-06-23 00:00:00","STARLIGHT GUEST ENTRANCE","0.2662","""PINK / PURPLE FABRIC ""","""PAID ""","DUE ON RECEIPT","f3ad4f13-ddc1-4312-880a-ad71a08124bd","1","","2025-06-16 00:00:00","MB2 Tahoe","3165.5","MYLG STUDIO"
"f3ad4f13-ddc1-4312-880a-ad71a08124bd","f78734ed-b59b-4883-aeaf-d8990201da81","CONTINGENCY-ALL","1207.5","96c7ee91-955e-491a-a17d-c204af382c83","CONTINGENCY-MISC","T&C RENTALS","TIMBO PHOTO OP CONTINGENCY","CONTINGENCY-MISC-0004","M2B-0039","2025-06-23 00:00:00","TIMBO PHOTO OP","0.3499","","""PAID ""","DUE ON RECEIPT","f3ad4f13-ddc1-4312-880a-ad71a08124bd","1","","2025-06-18 00:00:00","MB2 Tahoe","1630","MYLG STUDIO"
"f3ad4f13-ddc1-4312-880a-ad71a08124bd","fd020497-cec8-4a0e-beea-049d655b296a","RENTALS-ALL","795","96c7ee91-955e-491a-a17d-c204af382c83","RENTALS","T&C RENTALS","CLIP HARDWARE SYSTEM *EXPEDITED INSTALLATION*","RENTALS-0009","M2B-0052","2025-06-23 00:00:00","STARLIGHT BALLROOM","0.3911","","""PAID ""","DUE ON RECEIPT","f3ad4f13-ddc1-4312-880a-ad71a08124bd","1","","2025-06-16 00:00:00","MB2 Tahoe","1105.92","MYLG STUDIO"
"f3ad4f13-ddc1-4312-880a-ad71a08124bd","ff6fbd63-5a55-41fe-b1d0-082fd900776c","DECOR-ALL","750","96c7ee91-955e-491a-a17d-c204af382c83","DECOR","T&C RENTALS","""RETURN WALL SCENIC SETUP MASK ""","DECOR-0003","M2B-0034","2025-06-23 00:00:00","TIMBO PHOTO OP","0.3499","","""PAID ""","DUE ON RECEIPT","f3ad4f13-ddc1-4312-880a-ad71a08124bd","1","","2025-06-16 00:00:00","MB2 Tahoe","1012.42","MYLG STUDIO"
